Wall time,Step,Value
1777133920.123688,0,0.0
1777133934.0088756,2,0.0
1777133937.704364,3,0.0
1777133947.3561635,4,0.0
1777133997.856904,10,0.0
1777134000.8938026,11,0.0
1777134036.3461106,14,0.0
1777134041.997465,15,0.0
1777134053.775804,18,0.0
1777134063.330278,19,0.0
1777134071.4906404,20,0.0
1777134089.5602436,22,0.0
1777134091.9674807,23,0.0
1777134102.6837187,26,0.0
1777134109.5348616,27,0.0
1777134129.360567,29,0.0
1777134193.8197348,33,1048.4920654296875
1777134223.0317283,34,641.8032836914062
1777134249.7420294,36,522.8421020507812
1777134263.7645757,37,500.79638671875
1777134269.0822551,38,469.0473937988281
1777134286.0273175,39,489.53070068359375
1777134288.6005402,40,460.4009704589844
1777134382.93186,47,1488.4053955078125
1777134389.8803642,48,1488.76025390625
1777134396.126099,49,1364.3800048828125
1777134485.0915234,51,1738.7579345703125
1777134496.559084,52,1404.883544921875
1777134505.5653698,54,1557.148681640625
1777134536.005958,55,1637.35107421875
1777134554.7738097,57,1765.916748046875
1777134567.884291,60,2634.738525390625
1777134573.1093328,61,3136.1982421875
1777134586.7992456,62,1637.6534423828125
1777134631.2222333,63,2181.139404296875
1777134654.315916,65,2917.969482421875
1777134669.8541653,66,3140.043701171875
1777134673.1635187,67,1649.38671875
1777134679.615181,68,3640.832275390625
1777134688.677373,70,2278.010498046875
1777134695.0475712,71,5146.498046875
1777134779.5069754,77,4162.37939453125
1777134851.5202703,79,3526.55224609375
1777134870.2265873,80,3709.280029296875
1777134901.022475,82,4390.8564453125
1777134923.66373,83,4815.654296875
1777134964.224158,85,5501.61962890625
1777134999.4843094,86,5436.302734375
1777135057.8994575,89,2141.14111328125
1777135073.4322248,90,4204.42724609375
1777135124.4802468,95,6327.6337890625
1777135164.4021506,99,6497.8935546875
1777135254.25752,100,6146.4970703125
1777135302.5474052,103,6599.73876953125
1777135368.1527812,106,6155.1025390625
1777135375.7886124,107,9700.3857421875
1777135403.709276,109,9380.5732421875
1777135410.8813264,110,8531.4189453125
1777135456.717777,114,6251.46630859375
1777135479.1358695,116,5894.63525390625
1777135552.7188785,121,6043.84033203125
1777135603.288418,125,3106.354248046875
1777135609.0121474,126,8155.6220703125
1777135637.1776898,128,7465.79931640625
1777135640.4686706,129,10161.8896484375
1777135648.704294,130,4204.64208984375
1777135657.4754283,131,6569.24853515625
1777135670.9590254,132,6671.466796875
1777135698.771896,134,9983.2822265625
1777135723.604042,136,6496.8798828125
1777135735.733398,137,5869.88037109375
1777135807.3384871,143,6430.361328125
1777135821.1681743,144,12787.99609375
1777135846.7297153,146,9899.708984375
1777135857.2960966,147,5489.4453125
1777135961.8069236,150,4369.14794921875
1777136062.2146668,157,5886.49267578125
1777136074.6016824,159,4544.5380859375
1777136084.008039,160,5218.66015625
1777136110.3213398,162,5428.46142578125
1777136138.3393533,164,7666.9853515625
1777136153.1518056,166,8623.8583984375
1777136192.4329724,170,9531.1142578125
1777136200.8389127,171,23935.6171875
1777136222.6227643,172,6631.7255859375
1777136258.228567,175,9303.63671875
1777136274.712231,176,6033.08349609375
1777136295.2320457,177,6405.9775390625
1777136317.4170403,178,8715.0732421875
1777136342.245507,180,4140.7470703125
1777136358.8636794,181,4733.84375
1777136397.2277389,184,6867.115234375
1777136408.8720388,185,6604.19580078125
1777136424.2200212,186,6350.83251953125
1777136455.7964642,189,3923.737548828125
1777136483.8653724,190,8382.16015625
1777136498.801617,191,9204.71484375
1777136508.6814208,192,6690.64111328125
1777136551.7007015,195,9172.73828125
1777136588.004525,198,6393.9560546875
1777136603.1156971,199,4387.36376953125
1777136704.5382767,200,5790.533203125
1777136744.1377375,202,4311.26953125
1777136758.6032166,203,3911.330810546875
1777136764.22005,204,11539.275390625
1777136774.2542503,205,4357.1015625
1777136823.0816526,207,4258.95458984375
1777136855.6713684,209,6748.77978515625
1777136895.5199208,211,6122.669921875
1777136926.1349413,213,5827.93798828125
1777136982.1768723,215,3587.7470703125
1777136994.774262,216,16813.4375
1777137026.8299098,218,4136.38427734375
1777137040.5245588,219,4478.5576171875
1777137063.8284411,220,9318.228515625
1777137088.087188,221,5409.42041015625
1777137129.9462354,222,6574.556640625
1777137164.9145954,224,11862.537109375
1777137182.7488,225,13812.6201171875
1777137260.247685,229,6021.69775390625
1777137365.7001867,232,5536.728515625
1777137458.532195,235,9509.9326171875
1777137507.1920154,237,7075.3232421875
1777137527.1193044,238,12362.8203125
1777137549.1677058,239,2507.20166015625
1777137583.267411,241,3041.217041015625
1777137600.4469655,242,19381.451171875
1777137636.3984754,244,2736.391357421875
1777137673.1522331,245,11046.56640625
1777137705.1971877,246,5897.19970703125
1777137732.0887086,247,6638.498046875
1777137966.9036875,252,1719.8758544921875
1777137993.9019349,253,1566.680908203125
1777138033.2779853,254,1609.3780517578125
1777138108.7149296,257,1377.9227294921875
1777138141.298238,258,1181.111083984375
1777138173.064131,259,1239.1361083984375
1777138205.6190517,260,1277.89697265625
1777138266.229216,262,1044.4921875
1777138561.2512493,270,796.1320190429688
1777138582.6291363,271,797.4583129882812
1777138692.6560888,274,744.7238159179688
1777138736.6198235,275,704.76806640625
1777138762.3768876,276,733.9517822265625
1777138823.6940818,278,694.2052612304688
1777138894.6353838,280,667.374755859375
1777139006.100301,282,643.4698486328125
1777139020.7043996,283,628.3820190429688
1777139047.7010558,285,617.1737060546875
1777139092.5393617,287,616.8999633789062
1777139112.3187346,288,605.9182739257812
1777139144.1871142,290,605.317626953125
1777139289.9495358,295,549.451416015625
1777139298.5206666,296,560.7330322265625
1777139333.2910326,297,556.0938720703125
1777139356.0413113,298,543.4697265625
1777139380.8369234,299,543.160888671875
1777139635.3608599,304,519.7670288085938
1777139680.9999125,306,397.8631286621094
1777139703.1313193,307,389.82257080078125
1777139752.0136478,308,482.15802001953125
1777139780.8667006,309,468.4623718261719
1777139870.0589254,312,453.7391052246094
1777139897.4321244,313,458.83599853515625
1777140002.2823966,316,444.0713195800781
1777140093.788778,318,426.799072265625
1777140134.6953442,319,426.7766418457031
1777140263.230232,322,421.9088439941406
1777140350.7293139,324,402.0704040527344
1777140501.904681,329,387.30755615234375
1777140543.048641,330,382.1816101074219
1777140559.377173,331,393.28216552734375
1777140592.4762614,332,383.46368408203125
1777140619.9694343,333,385.5973815917969
1777140759.1879559,337,383.5420837402344
1777140774.28473,338,372.80572509765625
1777140815.8251216,340,367.5239562988281
1777140971.8819,343,365.6243896484375
1777140990.630764,344,360.9369201660156
1777141010.5967228,345,357.19024658203125
1777141036.818937,346,361.51513671875
1777141089.5848396,348,345.3017578125
1777141217.0664387,350,352.531982421875
1777141274.9334524,352,342.442626953125
1777141333.478906,353,328.90423583984375
1777141399.1352289,354,323.6832580566406
1777141458.188025,355,323.88629150390625
1777141657.4458373,358,292.7845153808594
1777141711.9905531,360,277.1228332519531
1777141799.055038,362,277.6365966796875
1777141835.8046823,363,266.1999816894531
1777141855.1238284,364,266.44580078125
1777141887.6024384,365,267.2812194824219
1777141932.5456932,366,261.961669921875
1777141950.6127517,367,254.49668884277344
1777142030.059456,368,254.72222900390625
1777142255.2270308,374,231.2661590576172
1777142302.7454302,375,224.44935607910156
1777142362.985012,377,220.3599395751953
1777142419.7695084,378,212.49404907226562
1777142583.763828,382,202.26194763183594
1777142680.433084,385,195.0343017578125
1777142696.823377,386,195.32308959960938
1777142828.0242329,389,186.94729614257812
1777142849.1181684,390,194.73776245117188
1777142898.7836401,391,186.7061309814453
1777142935.4395032,392,182.24899291992188
1777142970.9141426,393,176.9449920654297
1777143018.3740456,394,182.99453735351562
1777143041.8394446,395,181.99966430664062
1777143085.042354,396,174.1522216796875
1777143135.486297,397,172.01438903808594
1777143165.1448007,398,168.4263153076172
1777143182.5774148,399,172.71893310546875
1777143309.0850015,401,170.81634521484375
1777143328.375037,402,165.2020721435547
1777143433.3283339,404,162.51206970214844
1777143518.9787295,406,166.64828491210938
1777143586.2191494,408,158.1722869873047
1777143619.8023744,409,155.21595764160156
1777143742.5731924,412,151.65521240234375
1777143791.2646108,413,152.20510864257812
1777143849.3187425,414,151.5866241455078
1777143874.1124027,415,147.1993865966797
1777143990.3082001,418,146.84323120117188
1777144129.8857396,421,138.16748046875
1777144157.2353272,422,139.60116577148438
1777144268.0461168,425,133.1610870361328
1777144311.1783347,426,132.79397583007812
1777144509.4067695,430,128.09765625
1777144546.5886838,431,130.14642333984375
1777144709.5439668,434,125.02525329589844
1777144735.5315518,435,122.13105773925781
1777144793.848207,436,124.2833023071289
1777144846.975514,437,120.52657318115234
1777144871.450497,438,120.03121948242188
1777144910.1190088,439,122.90496826171875
1777144958.0494847,440,120.46931457519531
1777145004.6167142,441,120.16646575927734
1777145113.8956213,443,117.0979232788086
1777145164.7874799,444,118.76200103759766
1777145231.4054475,445,115.16763305664062
1777145283.5837588,446,116.05988311767578
1777145537.0028737,450,111.43037414550781
1777145572.5937955,451,110.29801177978516
1777145590.0337484,452,110.28751373291016
1777145649.900515,453,111.78329467773438
1777145710.2048507,454,109.82971954345703
1777145785.7953484,456,103.53340911865234
1777145873.823484,458,103.31999206542969
1777145923.667337,460,107.41107940673828
1777145953.9684153,461,103.11277770996094
1777145972.5430412,462,109.06201171875
1777146051.203629,464,105.84275817871094
1777146103.6173663,465,102.48294830322266
1777146148.4393132,466,102.41207122802734
1777146187.2297149,468,104.92417907714844
1777146217.261546,470,98.15045928955078
1777146242.2777672,471,96.0373764038086
1777146402.244823,474,98.2102279663086
1777146424.4653227,475,90.3579330444336
1777146579.2968078,478,94.10750579833984
1777146638.6874924,479,89.35823059082031
1777146709.1351216,480,90.66145324707031
1777146758.0033863,481,87.1556625366211
1777146843.2892447,482,86.4212417602539
1777146860.5968397,483,84.4953842163086
1777146902.8108385,484,85.23352813720703
1777147018.7384164,486,84.4872817993164
1777147063.6293936,487,84.17613983154297
1777147091.20286,488,83.84391021728516
1777147105.5347836,489,85.23300170898438
1777147232.1892166,491,80.41680908203125
1777147331.7771058,494,76.09040832519531
1777147395.599499,495,78.54752349853516
1777147496.433319,498,77.00367736816406
1777147685.8649309,501,78.0335464477539
1777147730.6515882,502,78.03695678710938
1777147751.6104953,503,83.51480865478516
1777147871.3680007,506,73.57608795166016
1777147961.2604156,508,76.63813018798828
1777148007.9585965,509,73.82463073730469
1777148061.2732852,510,73.9214859008789
1777148084.594903,511,74.99446868896484
1777148129.4443164,512,71.93444061279297
1777148160.5604548,513,70.93392181396484
1777148182.262818,514,71.5797119140625
1777148263.3279362,516,73.48074340820312
1777148277.2270086,517,73.99734497070312
1777148303.2288647,518,71.37207794189453
1777148358.4702487,519,72.74079895019531
1777148387.1006873,520,72.4709243774414
1777148434.5780032,521,71.35762786865234
1777148549.856134,523,68.70084381103516
1777148850.4840276,530,67.98267364501953
1777148937.3242574,533,68.49384307861328
1777148957.6044567,534,70.17088317871094
1777149016.4152267,536,67.92214965820312
1777149059.7992873,537,65.11543273925781
1777149111.641948,538,66.53355407714844
1777149125.6956756,539,63.9705810546875
1777149184.923073,540,68.45028686523438
1777149284.062381,542,66.67318725585938
1777149328.3656747,543,66.45294952392578
1777149371.3654234,544,65.26634979248047
1777149462.3212774,546,63.53513717651367
1777149530.1539865,547,64.16735076904297
1777149781.3210728,550,65.02166748046875
1777149846.232724,552,59.868995666503906
1777149939.0243092,554,59.89678192138672
1777149971.6867962,555,58.53429412841797
1777150028.1934974,556,61.54988098144531
1777150282.5113547,562,57.304710388183594
1777150332.445134,563,58.35572052001953
1777150359.8012004,564,60.22002410888672
1777150580.55091,568,59.044883728027344
1777150613.7231185,569,57.89191818237305
1777150658.12818,571,54.95392990112305
1777150764.7662327,573,56.27842712402344
1777150914.3806484,576,53.92352294921875
1777151098.5589874,580,43.352272033691406
1777151358.7990842,584,38.34543228149414
1777151422.2285419,585,38.90742492675781
1777151464.1230636,586,37.46551513671875
1777151541.5165708,588,33.87446975708008
1777151614.2490785,589,37.423397064208984
1777151672.515469,590,36.94409942626953
1777151707.5462577,591,35.59566879272461
1777151726.2531414,592,37.75034713745117
1777151795.052295,594,37.00602340698242
1777151899.1537304,596,37.034053802490234
1777151951.4543233,597,34.974918365478516
1777151994.5660179,598,36.70501708984375
1777152064.7329192,599,34.721858978271484
1777152278.3822548,601,44.6185188293457
1777152331.1651044,602,46.10066223144531
1777152396.798094,603,46.677093505859375
1777152533.1476038,605,45.91273880004883
1777152712.1223872,608,42.99774169921875
1777152786.6109014,610,42.519264221191406
1777152888.6009147,613,41.32107925415039
1777152940.8404787,614,41.7902717590332
1777153070.864105,616,39.392494201660156
1777153147.7701776,618,38.8459358215332
1777153211.7268374,620,39.79590606689453
1777153274.1417484,622,39.810638427734375
1777153294.7841785,623,37.82756805419922
1777153478.3887665,626,37.38245391845703
1777153510.6788833,627,36.2822380065918
1777153529.5719233,628,37.5617561340332
1777153560.313198,629,37.81287384033203
1777153691.4706187,633,35.629539489746094
1777153824.2565095,635,36.706504821777344
1777153936.3136375,637,35.173484802246094
1777154009.786096,640,36.22787094116211
1777154017.69883,641,34.961483001708984
1777154083.8967547,642,35.65095901489258
1777154119.341334,643,35.006103515625
1777154161.3316526,644,35.08378219604492
1777154186.2073464,645,34.95254135131836
1777154344.1291375,649,34.26987075805664
1777154543.0172153,651,33.86627960205078
1777154572.9034135,652,32.359825134277344
1777154635.6979725,653,27.72368621826172
1777154705.7953465,654,24.83770751953125
1777154732.9183564,655,23.686838150024414
1777154812.883373,658,23.51848793029785
1777154860.5275795,659,22.5360164642334
1777154920.11763,660,22.61863136291504
1777155198.709138,667,31.87173843383789
1777155353.5966752,670,29.463245391845703
1777155541.8386307,675,27.82830810546875
1777155552.8960233,676,29.632076263427734
1777155594.281663,677,27.706153869628906
1777155746.2486129,680,27.043249130249023
1777155890.0339549,682,26.563356399536133
1777155900.3608027,683,27.634605407714844
1777155963.3581467,684,26.653179168701172
1777156080.5968323,687,25.922565460205078
1777156356.1564271,692,25.986173629760742
1777156365.7947931,693,25.043859481811523
1777156416.0112379,694,26.238449096679688
1777156441.7866669,695,26.24892807006836
1777156503.0312164,696,26.447879791259766
1777156551.2349772,697,25.08821678161621
1777156626.002119,699,28.112607955932617
1777156852.9382856,702,25.088293075561523
1777156922.9384108,703,25.862062454223633
1777157033.185293,705,25.37934684753418
1777157180.899467,709,24.431005477905273
1777157189.0581338,710,24.336101531982422
1777157306.487364,712,23.988466262817383
1777157478.643647,715,23.306644439697266
1777157542.8278651,717,22.79785919189453
1777157594.3874333,719,22.998815536499023
1777157609.5290363,720,22.360572814941406
1777157669.656974,721,22.775922775268555
1777157803.4262424,723,22.741031646728516
1777157958.2750306,725,21.438915252685547
1777158033.6636147,726,21.34717559814453
1777158078.6883655,727,20.931392669677734
1777158129.9616606,728,20.95782470703125
1777158181.8078332,729,20.916641235351562
1777158268.1486769,731,20.003820419311523
1777158331.4702706,732,20.0715389251709
1777158361.6738205,733,20.257366180419922
1777158645.5864763,738,18.710241317749023
1777158678.7951007,739,18.53447723388672
1777158703.9509122,740,18.626222610473633
1777158810.7372625,742,18.33172607421875
1777158876.871938,743,18.404216766357422
1777158924.8576887,744,18.433685302734375
1777158944.4243822,745,18.76509666442871
1777159370.5467782,752,17.796571731567383
1777159536.928464,755,16.80191993713379
1777159554.960218,756,17.105371475219727
1777159698.4167588,758,16.514421463012695
1777159884.0965238,763,15.86928939819336
1777159949.0545328,764,15.592897415161133
1777160019.7945447,765,15.457428932189941
1777160103.3675463,767,15.790190696716309
1777160154.3295264,768,15.231905937194824
1777160208.8123558,769,15.249445915222168
1777160276.8740144,771,15.208779335021973
1777160307.1161785,772,14.830740928649902
1777160346.5906463,773,14.587334632873535
1777160380.1681602,775,14.167807579040527
1777160411.5032382,776,14.162639617919922
1777160524.1600227,778,14.368700981140137
1777160603.8234193,779,13.8353853225708
1777160674.2409441,780,13.683117866516113
1777160709.5456762,781,13.640107154846191
1777160762.8820584,782,13.87469482421875
1777160806.491812,783,13.515374183654785
1777160887.8148375,786,13.10611343383789
1777160968.8057575,788,13.06568431854248
1777161039.3962274,789,13.354546546936035
1777161159.1178393,791,12.537086486816406
1777161229.390287,793,10.972564697265625
1777161338.1905925,795,8.947439193725586
1777161378.9731534,796,8.987116813659668
1777161424.900162,797,8.956103324890137
1777161501.0742345,799,8.814247131347656
1777161630.6441982,800,11.267304420471191
1777161862.8723571,804,8.900067329406738
1777161915.610421,805,8.35720157623291
1777161931.0579948,806,8.162494659423828
1777161958.9910476,807,8.366353034973145
1777162047.7160485,810,8.538329124450684
1777162199.4361448,813,8.313368797302246
1777162425.855021,818,7.573512077331543
1777162438.9770508,819,8.423673629760742
1777162501.1277878,821,8.040506362915039
1777162539.3763664,822,7.6030755043029785
1777162565.7872114,823,7.637855052947998
1777162692.372288,825,7.9721174240112305
1777162730.9189863,826,7.742126941680908
1777162778.01247,827,7.652310848236084
1777162832.4770837,828,7.8123650550842285
1777162974.8131418,832,10.534914016723633
1777162997.9885807,833,10.3457670211792
1777163100.3950794,835,10.613186836242676
1777163173.7793283,836,10.281231880187988
1777163229.6817825,837,10.365144729614258
1777163303.8647797,839,10.221561431884766
1777163345.9374738,840,10.067832946777344
1777163432.6353667,842,10.139339447021484
1777163499.6749392,843,10.103397369384766
1777163653.5884821,845,9.576855659484863
1777163878.8304808,850,9.380321502685547
1777163947.518925,851,9.234323501586914
1777164087.8963938,854,9.462822914123535
1777164200.9604528,856,9.279583930969238
1777164288.368196,857,9.160446166992188
1777164424.195287,860,8.835660934448242
1777164443.5760717,861,8.91513442993164
1777164495.5460033,862,9.027749061584473
1777164637.5992527,865,8.788835525512695
1777164650.306079,866,8.741888999938965
1777164858.7783227,870,8.537958145141602
1777164910.5974712,871,8.591621398925781
1777165450.1020212,881,8.080779075622559
1777165484.6394153,883,8.287199020385742
1777165566.7014449,884,8.080666542053223
1777165593.8787184,885,7.8272528648376465
1777165626.676966,886,7.701986789703369
1777165708.046874,888,7.7800421714782715
1777165801.009789,890,7.664111614227295
1777165862.2511847,892,7.695013523101807
1777166034.7999787,895,7.383852958679199
1777166132.296209,897,7.134976387023926
1777166154.2111144,898,7.272195339202881
1777166367.5532198,901,7.232321262359619
1777166440.136352,902,7.11702823638916
1777166561.72848,904,7.050439834594727
1777166682.2855432,906,7.050796985626221
1777166713.5933607,907,7.01434326171875
1777166752.5173469,908,6.983565330505371
1777166850.2968633,910,6.903710842132568
1777166915.9681373,911,6.7757649421691895
1777166975.7416575,913,6.929062843322754
1777167024.8136334,914,7.019070625305176
1777167103.5334113,916,7.425270080566406
1777167193.3246672,918,5.985663890838623
1777167219.6573734,919,7.290383815765381
1777167275.003332,920,12.026633262634277
1777167290.7857533,921,8.385805130004883
1777167389.3929167,923,8.546548843383789
1777167606.089415,927,6.767451763153076
1777167669.71854,928,6.7919230461120605
1777167731.252881,929,7.378517150878906
1777167809.3684142,930,7.5616559982299805
1777167858.5964932,931,9.671667098999023
1777167906.64943,932,9.061761856079102
1777167969.324691,933,8.395156860351562
1777168094.0338116,935,8.631627082824707
1777168270.548037,939,7.936848163604736
1777168334.9212937,941,9.044024467468262
1777168398.9539154,942,8.513632774353027
1777168503.4113245,945,8.215176582336426
1777168713.654917,949,8.642303466796875
1777168867.6250453,950,8.107878684997559
1777168965.3178802,952,8.0723237991333
1777169111.13436,954,8.361929893493652
1777169123.3504593,955,8.505122184753418
1777169179.607923,956,8.799832344055176
1777169370.6233256,960,9.612556457519531
1777169397.0709221,961,6.976156234741211
1777169438.2477076,962,7.4195075035095215
1777169485.5019302,963,7.2466721534729
1777169501.4367623,964,7.870405197143555
1777169560.9558418,965,7.452142238616943
1777169649.4664896,967,7.280923366546631
1777169707.5788484,968,8.524784088134766
1777169868.853431,971,7.615734100341797
1777170088.2077923,976,6.298770427703857
1777170239.971643,978,7.9036078453063965
1777170249.3434293,979,5.491797924041748
1777170373.2547169,981,6.58350133895874
1777170426.66119,982,6.9276347160339355
1777170683.9183857,986,6.371411323547363
1777170751.8038807,988,5.875717639923096
1777170805.6656241,989,5.770700454711914
1777170874.4967916,990,5.6475701332092285
1777170927.318621,992,5.879693984985352
1777171045.0215755,994,5.577944755554199
1777171115.7031898,995,4.263406753540039
1777171130.911308,996,4.2171807289123535
1777171191.8405585,998,4.105015754699707
1777171213.5903566,999,4.230288505554199
1777171397.5396986,1001,4.438726902008057
1777171429.4190009,1002,5.286110877990723
1777171466.8883238,1003,4.398484230041504
1777171526.1777508,1004,4.286703586578369
1777171567.0362546,1005,4.259552001953125
1777171633.2768192,1006,4.186116695404053
1777171940.1976385,1011,4.364626884460449
1777172065.2715986,1013,4.686297416687012
1777172144.4758244,1015,5.342493534088135
1777172170.4731188,1016,5.385413646697998
1777172208.2961612,1017,5.23222017288208
1777172362.4195065,1022,4.189598083496094
1777172519.0524845,1026,5.495335578918457
1777172586.6784565,1028,5.392985820770264
1777172653.316618,1029,4.702422142028809
1777172863.8864915,1035,7.252335071563721
1777172890.2795947,1036,7.181971073150635
1777172914.6263075,1037,7.165804386138916
1777172967.640152,1038,7.336026191711426
1777173024.285438,1039,5.7611284255981445
1777173160.5751243,1043,4.9101057052612305
1777173288.0333004,1045,5.0785746574401855
1777173296.8425498,1046,5.038079738616943
1777173442.5575562,1049,4.182400703430176
1777173719.325905,1052,4.895981788635254
1777173788.517433,1053,4.974680423736572
1777173901.789958,1056,5.192309379577637
1777173956.4657362,1058,5.2555131912231445
1777174009.7963274,1059,5.385591506958008
1777174029.2449217,1060,5.129494667053223
1777174149.698547,1062,5.268099784851074
1777174338.920461,1065,5.3674635887146
1777174403.7016408,1066,5.389501571655273
1777174459.0725012,1067,5.641763210296631
1777174505.3641062,1069,5.413299083709717
1777174558.6120164,1070,5.468709468841553
1777174568.478511,1071,5.4092793464660645
1777174636.6308477,1072,5.481189250946045
1777174684.7574859,1073,5.675044536590576
1777174727.3458552,1074,4.986185073852539
1777174849.2574003,1077,4.154786586761475
1777174916.3121185,1078,4.4319167137146
1777175023.8659265,1080,5.135634422302246
1777175077.4117987,1081,5.441638946533203
1777175148.1793668,1082,5.377276420593262
1777175254.2950222,1085,5.191417217254639
1777175313.5001853,1086,5.102145195007324
1777175338.4319859,1087,5.172652244567871
1777175611.7107546,1091,4.693957328796387
1777175658.5837405,1092,5.076557636260986
1777175726.275455,1093,4.9439921379089355
1777175985.902474,1098,5.110557556152344
1777176180.210014,1100,4.510417461395264
1777176253.4196875,1102,4.264727592468262
1777176297.6876388,1103,4.879983425140381
1777176347.4726624,1104,4.6993937492370605
1777176513.5140436,1107,4.843161582946777
1777176542.2386727,1108,4.454822540283203
1777176590.672706,1109,4.650547981262207
1777176600.8144293,1110,3.848804473876953
1777176654.1593978,1111,4.472534656524658
1777176707.9382684,1112,4.3536295890808105
1777176752.7688494,1113,4.043705940246582
1777176785.4220486,1114,4.023529052734375
1777176830.0592747,1116,4.629317760467529
1777176937.068786,1119,3.6467227935791016
1777177068.6098342,1121,4.2878737449646
1777177096.8298318,1122,3.9873640537261963
1777177296.9065216,1125,3.941009998321533
1777177320.5978327,1126,4.497248649597168
1777177407.9344676,1128,4.301651477813721
1777177451.2814133,1129,3.9041836261749268
1777177512.9314094,1130,3.813173532485962
1777177537.910792,1131,3.755174398422241
1777177587.8474393,1132,4.0319318771362305
1777177684.852542,1134,4.248375415802002
1777177734.2137327,1135,3.8198189735412598
1777177810.9368882,1136,3.921898603439331
1777177854.638185,1137,3.819084882736206
1777177950.3574026,1139,3.6698203086853027
1777178153.960722,1142,4.054916858673096
1777178272.449215,1145,4.070205211639404
1777178344.5059667,1146,4.415755748748779
1777178414.2003856,1148,4.224758148193359
1777178437.9786046,1149,3.8891305923461914
1777178557.255598,1150,4.065614700317383
1777178597.691083,1151,3.801952362060547
1777178662.0097346,1152,3.803905963897705
1777178710.447042,1153,4.475313186645508
1777178829.9244401,1155,4.6792731285095215
1777178993.1128967,1159,4.438455581665039
1777179057.004503,1160,4.130244731903076
1777179175.267049,1162,4.570009708404541
1777179239.1867802,1164,4.526407241821289
1777179358.2711473,1166,4.255431652069092
1777179415.5635104,1167,3.934612512588501
1777179656.3189394,1173,3.9149887561798096
1777179721.1987512,1174,4.419464111328125
1777179795.6773012,1176,4.08090353012085
1777179846.1630251,1177,3.7306602001190186
1777179896.1869912,1178,3.909318447113037
1777180062.7820098,1182,4.205472946166992
1777180166.1911163,1184,4.312293529510498
1777180230.3387372,1186,4.524013519287109
1777180330.9262185,1188,4.1110334396362305
1777180378.2112904,1189,3.701906204223633
1777180391.2708366,1190,3.4769551753997803
1777180493.0031936,1193,3.6504197120666504
1777180518.5653138,1194,3.6889140605926514
1777180562.2770698,1195,3.584542989730835
1777180600.322204,1196,3.4738752841949463
1777180663.0781832,1197,3.596369981765747
1777180727.8936305,1198,3.7814483642578125
1777180958.314714,1201,3.2838382720947266
1777181015.8846698,1202,3.23966908454895
1777181118.4572587,1205,3.7474663257598877
1777181126.7966392,1206,3.835759401321411
1777181181.0419917,1207,3.6083929538726807
1777181291.62248,1209,3.1227691173553467
1777181346.2635212,1210,3.470792531967163
1777181502.139403,1213,3.6747679710388184
1777181524.1487448,1214,4.529280185699463
1777181564.7526278,1215,4.857451438903809
1777181690.6953166,1217,3.5818943977355957
1777181726.9597063,1218,3.357130765914917
1777181917.1558468,1222,3.459859848022461
1777181957.528798,1223,3.2938108444213867
1777182049.0234833,1225,3.3789901733398438
1777182189.6215417,1228,3.0436201095581055
1777182254.5642858,1229,3.2777655124664307
1777182392.4450004,1232,2.9665939807891846
1777182422.8364358,1233,2.9001424312591553
1777182675.2392008,1238,2.9600343704223633
1777182808.3533113,1240,2.7589972019195557
1777182855.5869179,1241,2.628265142440796
1777182884.2238722,1242,2.889695167541504
1777182931.2798924,1243,3.017571210861206
1777182974.1380858,1244,3.5609099864959717
1777182996.8867378,1245,3.234837293624878
1777183042.7150123,1246,3.3283205032348633
1777183172.1508327,1249,3.1276657581329346
1777183287.38574,1250,3.1537861824035645
1777183297.4776702,1251,3.2980804443359375
1777183330.250225,1252,3.087036371231079
1777183404.4112828,1254,2.726685047149658
1777183497.6454768,1256,3.2341840267181396
1777183565.9281695,1257,2.829268217086792
1777183749.5068455,1260,3.6721017360687256
1777183795.555662,1261,2.9490511417388916
1777183901.5552394,1264,3.524225950241089
1777184030.3184202,1267,3.2590699195861816
1777184211.5344002,1271,3.38444447517395
1777184467.513228,1276,3.2248294353485107
1777184543.5572748,1277,3.1718978881835938
1777184609.4922872,1278,3.2544612884521484
1777184718.8591187,1280,3.3267178535461426
1777184820.4171443,1282,3.749896764755249
1777184964.118301,1285,3.3335375785827637
1777185107.919433,1288,3.3663341999053955
1777185182.8922334,1290,3.5930538177490234
1777185316.7312787,1293,3.177889823913574
1777185458.8749678,1296,3.096834659576416
1777185572.5948222,1298,3.3657262325286865
1777185594.4190443,1299,3.6975910663604736
1777185756.5434654,1301,3.502394199371338
1777185822.847998,1302,3.39266037940979
1777185896.0914953,1304,3.2974634170532227
1777185966.1406264,1306,3.8402459621429443
1777186096.2677,1310,3.5278561115264893
1777186258.231062,1313,3.626924753189087
1777186332.2029495,1314,3.792119026184082
1777186353.3115418,1315,3.9727039337158203
1777186541.0164826,1320,4.314858436584473
1777186662.1693366,1322,3.6654889583587646
1777186679.1678584,1323,3.8223249912261963
1777186764.3158576,1325,3.5472068786621094
1777186825.002106,1326,3.9776628017425537
1777186894.3930054,1328,3.8321995735168457
1777187244.1548316,1335,3.537820816040039
1777187850.4948854,1344,3.589683771133423
1777187876.1280644,1345,3.4671638011932373
1777187953.0981963,1347,3.417149543762207
1777187978.231478,1348,3.5114808082580566
1777188237.4253073,1351,3.4494881629943848
1777188246.1243927,1352,3.9988577365875244
1777188309.9371617,1354,3.3654141426086426
1777188446.8599012,1357,3.64259934425354
1777188527.6764603,1358,3.309141159057617
1777188616.1768112,1360,3.1728808879852295
1777188737.262941,1364,3.27828049659729
1777188789.9955366,1365,3.331153154373169
1777188836.907202,1366,3.1411750316619873
1777188872.2384276,1367,3.5177032947540283
1777188883.9647396,1368,3.7474398612976074
1777189040.7299402,1372,3.107685089111328
1777189069.1370971,1373,3.246656894683838
1777189139.4263306,1375,4.485411167144775
1777189187.5203862,1376,4.358892440795898
1777189392.1665418,1380,3.2986998558044434
1777189437.9682276,1381,3.389429807662964
1777189569.9359877,1385,3.1144845485687256
1777189620.936608,1386,2.956507682800293
1777189680.8292844,1387,3.0856051445007324
1777189863.4289808,1390,3.3154959678649902
1777189970.0838964,1393,3.426119565963745
1777190111.959093,1396,3.3462514877319336
1777190144.8290157,1397,3.5071308612823486
1777190236.0482233,1399,3.6542398929595947
1777190398.6572123,1400,3.646200180053711
1777190571.1357462,1403,3.476897716522217
1777190659.217522,1405,3.728815793991089
1777191000.7486706,1413,3.2980778217315674
1777191168.0523098,1416,3.34982967376709
1777191229.5070226,1417,3.2492780685424805
1777191361.388531,1419,3.3258087635040283
1777191466.5866752,1421,3.2392897605895996
1777191501.1354268,1422,3.2528576850891113
1777191985.680462,1431,3.222930431365967
1777192040.8319356,1432,3.298715114593506
1777192121.7161136,1433,3.172044038772583
1777192156.2073703,1434,3.0572359561920166
1777192267.4709141,1436,3.1828267574310303
1777192308.688362,1438,3.0283501148223877
1777192379.3636131,1439,3.201349973678589
1777192412.5660746,1440,3.228581190109253
1777192465.8247576,1441,3.202338695526123
1777192616.3292863,1444,3.160536766052246
1777192699.0646353,1446,3.4118881225585938
1777192768.5884337,1447,3.374497413635254
1777192818.996799,1448,3.4557135105133057
1777192854.5878983,1449,3.2622101306915283
1777192975.301088,1450,3.2213871479034424
1777193008.7217152,1451,3.3170669078826904
1777193049.722962,1452,3.437204599380493
1777193176.0652995,1454,3.4285635948181152
1777193224.5720057,1455,3.4210751056671143
1777193257.632631,1456,3.3196232318878174
1777193291.4673638,1457,3.697817802429199
1777193310.9378204,1458,3.3711397647857666
1777193323.9702306,1459,3.550954580307007
1777193359.8562427,1460,3.624969244003296
1777193367.5203815,1461,3.58073353767395
1777193375.1163535,1462,3.3362205028533936
1777193411.3326104,1463,3.4512979984283447
1777193456.2630942,1464,3.563272476196289
1777193673.562849,1470,3.4544413089752197
1777193791.8265228,1473,3.4366495609283447
1777193815.3398323,1474,3.5190820693969727
1777193942.316651,1476,3.5327248573303223
1777193977.4955146,1477,3.3340914249420166
1777194126.914475,1481,3.502427101135254
1777194192.2808046,1482,3.728559970855713
1777194265.7702687,1483,3.620356559753418
1777194290.9604537,1484,3.485065221786499
1777194390.9761734,1487,3.813601493835449
1777194457.6355276,1488,3.762439250946045
1777194530.9001417,1489,3.705219030380249
1777194552.9015448,1490,3.627723455429077
1777194579.5881534,1491,3.6687397956848145
1777194669.2284894,1493,3.781467914581299
1777194696.9090097,1494,3.819319009780884
1777194956.1934602,1498,3.4791488647460938
1777195011.978958,1499,3.6272945404052734
1777195166.8145149,1500,3.527822971343994
1777195295.8564322,1502,3.5383431911468506
1777195438.5476308,1505,3.610314130783081
1777195650.788946,1509,4.0536789894104
1777195698.5506709,1510,4.025332927703857
1777195767.2776308,1511,3.8140203952789307
1777195855.4190495,1513,4.022462844848633
1777195995.0678835,1515,4.10006856918335
1777196029.3018432,1516,3.7686610221862793
1777196338.5170794,1523,3.818568706512451
1777196418.2543263,1526,3.852280616760254
1777196505.6656034,1528,3.86152720451355
1777196558.635687,1530,3.9267661571502686
1777196695.5782862,1533,3.87101149559021
1777196703.2286708,1534,4.115602970123291
1777196817.3619447,1537,3.9352290630340576
1777196831.1693003,1538,3.8743672370910645
1777196954.3898048,1540,3.654834032058716
1777197002.5946007,1541,3.5973353385925293
1777197203.846952,1545,3.69557523727417
1777197256.9095583,1547,3.911717653274536
1777197308.3527288,1548,3.6786563396453857
1777197554.6973464,1551,3.566011428833008
1777197613.1061726,1552,3.572052001953125
1777197638.736357,1553,3.673213005065918
1777197774.771094,1555,3.6396172046661377
1777197837.6743798,1557,3.7263336181640625
1777197968.2797153,1560,3.453451633453369
1777198043.0837631,1562,3.7185866832733154
1777198124.7494695,1564,3.516587018966675
1777198187.9804823,1565,3.4692740440368652
1777198202.7551558,1566,3.7137465476989746
1777198311.853296,1568,3.5262668132781982
1777198398.1903596,1570,3.491363763809204
1777198458.1567564,1571,3.423814058303833
1777198473.5545924,1572,3.6210761070251465
1777198494.2472897,1573,3.5904629230499268
1777198528.4895391,1574,3.5580315589904785
1777198629.6342077,1576,3.4197304248809814
1777198713.6267047,1578,3.73136305809021
1777198759.0119658,1579,3.878112554550171
1777198773.642862,1580,3.60565185546875
1777198852.8925712,1581,3.55220627784729
1777198908.7014384,1582,3.3839428424835205
1777199044.2934475,1585,3.6011030673980713
1777199191.3854406,1590,3.7926278114318848
1777199416.326497,1595,3.5487544536590576
1777199485.2177925,1596,3.5007638931274414
1777199513.5316975,1597,3.4185843467712402
1777199748.7565525,1601,3.5427191257476807
1777199763.9277544,1602,3.5221011638641357
1777199814.1953325,1603,3.5066287517547607
1777200063.3857725,1610,3.4465391635894775
1777200092.6099353,1611,3.4239983558654785
1777200163.0144172,1613,3.318845510482788
1777200214.2774901,1614,3.2326784133911133
1777200259.8853896,1615,3.3264806270599365
1777200308.073418,1616,3.3087613582611084
1777200484.081522,1620,3.26383113861084
1777200587.9772215,1622,3.205030679702759
1777200680.5729795,1624,3.6653337478637695
1777200765.4920158,1626,3.294572114944458
1777200809.0727885,1627,3.9977381229400635
1777200938.6215875,1630,3.7465782165527344
1777200984.4038708,1631,3.8844094276428223
1777201142.81503,1635,3.4882431030273438
1777201165.0230458,1636,3.8735251426696777
1777201223.4658532,1637,4.954311847686768
1777201288.732768,1638,4.417264938354492
1777201370.7024558,1640,4.573629856109619
1777201384.8268929,1641,4.072924613952637
1777201539.4534233,1646,3.913419723510742
1777201573.536509,1647,4.433091163635254
1777201699.7812877,1649,4.079258441925049
1777201888.7826796,1651,5.265347957611084
1777201901.7277527,1652,5.197719573974609
1777201957.9458334,1653,4.591277122497559
1777201980.8359344,1654,4.183479309082031
1777202072.971081,1656,4.414069652557373
1777202170.5243118,1658,4.174893856048584
1777202229.1862097,1659,4.182742595672607
1777202309.7976584,1662,6.252099990844727
1777202424.2712142,1664,6.045071601867676
1777202494.7209675,1666,4.026106357574463
1777202597.1727183,1669,4.929406642913818
1777202608.0406818,1670,7.650170803070068
1777202800.8937123,1674,6.451817512512207
1777202978.7751057,1677,5.295318126678467
1777203068.101904,1679,6.0801897048950195
1777203129.1460578,1680,5.875139236450195
1777203156.8996055,1681,6.375058174133301
1777203195.1372557,1682,5.189146041870117
1777203282.677669,1685,4.745959281921387
1777203330.883202,1686,4.929696083068848
1777203397.05785,1687,5.606184482574463
1777203407.9892917,1688,5.219726085662842
1777203469.5749097,1689,5.434764862060547
1777203517.9320009,1690,5.554132461547852
1777203655.8729935,1693,5.004781246185303
1777203713.8126104,1694,5.27947473526001
1777203734.2072983,1695,5.432834625244141
1777203859.1099017,1697,4.880929946899414
1777203894.444704,1698,5.129583835601807
1777203966.531627,1699,4.672194957733154
1777204146.6551647,1700,5.076454162597656
1777204225.0847642,1702,4.67205286026001
1777204297.7975826,1704,4.912348747253418
1777204453.5926864,1707,4.545408725738525
1777204546.2122064,1709,4.605157375335693
1777204584.4060016,1710,4.501127243041992
1777204628.1071858,1711,4.714659214019775
1777204667.1749852,1712,4.499959945678711
1777204805.9549625,1716,4.276740550994873
1777204920.2473078,1718,4.444164276123047
1777204949.8267255,1719,4.436777114868164
1777205085.2241201,1722,4.257731914520264
1777205112.8896167,1723,4.540899276733398
1777205182.512374,1724,4.206873893737793
1777205213.787315,1725,4.159675598144531
1777205381.9609196,1730,4.210050582885742
1777205720.972905,1738,3.920506238937378
1777205729.9550455,1739,3.6568899154663086
1777205753.227398,1740,3.703252077102661
1777205901.6941695,1743,3.9649760723114014
1777205962.7040505,1745,4.012012481689453
1777206025.3661525,1746,4.0215325355529785
1777206054.4410655,1747,3.925102949142456
1777206108.7505863,1748,3.823899984359741
1777206147.3009079,1749,4.207996368408203
1777206301.3006458,1750,3.998843193054199
1777206340.0596797,1751,4.1295294761657715
1777206415.7043476,1753,4.01649284362793
1777206460.6485803,1754,4.0509257316589355
1777206566.4493313,1757,4.047146797180176
1777206796.2389774,1762,3.700608015060425
1777206856.6508932,1763,3.7035512924194336
1777206992.1360292,1765,3.506258010864258
1777207064.4821784,1766,3.3999686241149902
1777207122.555095,1768,3.4349286556243896
1777207188.7405086,1769,3.402651786804199
1777207509.105451,1775,3.255898952484131
1777207554.731134,1776,3.5651965141296387
1777207607.0886834,1777,3.321958541870117
1777207725.9542131,1780,3.226078748703003
1777207770.5478442,1781,3.3076305389404297
1777207898.6238248,1784,3.135338544845581
1777207952.3134003,1785,3.0707156658172607
1777208012.3895838,1786,3.096904754638672
1777208070.4660351,1787,2.8984031677246094
1777208133.8961055,1789,2.8446829319000244
1777208155.2751842,1790,2.9158902168273926
1777208239.187291,1792,2.7876553535461426
1777208327.6632092,1794,2.761960744857788
1777208363.9776766,1796,2.797621011734009
1777208420.1206198,1797,2.762403726577759
1777208664.2715783,1800,2.718778610229492
1777208717.3112485,1801,2.6628854274749756
1777208770.3139458,1802,2.6330678462982178
1777208826.5789812,1803,2.528064489364624
1777208889.8950448,1804,2.6129002571105957
1777208989.6772764,1808,2.6532351970672607
1777209091.78751,1810,2.57974910736084
1777209304.467815,1814,2.692720651626587
1777209408.2598054,1816,2.6819496154785156
1777209472.3984823,1818,2.770155906677246
1777209497.0297928,1819,2.5592620372772217
1777209734.9772947,1823,2.604844570159912
1777209918.4682772,1826,2.5431368350982666
1777209977.4084504,1827,2.5848517417907715
1777210100.2718775,1829,2.4393675327301025
1777210151.6265483,1830,2.4035897254943848
1777210253.5296268,1832,2.6646134853363037
1777210295.2824125,1833,2.5464460849761963
1777210346.5031333,1834,2.572334051132202
1777210474.789961,1836,2.5518007278442383
1777210498.2009475,1837,2.5573887825012207
1777210526.5896268,1838,2.61326265335083
1777210839.4252381,1844,2.526134729385376
1777210892.610836,1845,2.4860689640045166
1777210954.5512094,1846,2.4054126739501953
1777210967.8182156,1847,2.5230824947357178
1777211040.902524,1848,2.444594144821167
1777211095.6971579,1849,2.3905155658721924
1777211250.235037,1850,2.4723310470581055
1777211267.5035691,1851,2.458975076675415
1777211354.564561,1853,2.60479474067688
1777211397.8078768,1854,2.481384038925171
